zone_temperature,cooling_setpoint,heating_setpoint,hvac_thermal_load,hvac_power,battery_soc,ev_tesla_soc,ev_nissan_soc,lighting,cooking,pc,tv,hvac_power_kw,total_building_load,grid2battery,grid2ev,grid2building,grid_import,is_peak,electricity_price,pv_generation,pv2building,pv2battery,pv2ev,pv2grid,timesteps
22.573223114013672,24.0,18.0,-0.0,0.0,0.335616609375,0.23562205468750003,0.7999900000000001,0.0,0.0,0.4,0.2,0.0,0.6,0.7500000000000001,9.000000000000002,0.24999999999999822,10.0,False,10.0,0.0,0.0,0.0,0.0,0.0,0
22.676570892333984,24.0,18.0,-0.0,0.0,0.3691176450215295,0.2691286310404898,0.7999805938675781,0.0,0.0,0.4,0.2,0.0,0.6,0.70547923828125,8.465769179687499,0.6,9.771248417968748,False,10.0,0.0,0.0,0.0,0.0,0.0,1
22.77884292602539,24.0,18.0,-0.0,0.0,0.4006287688787549,0.30064536045847856,0.7999717463348643,0.0,0.0,0.4,0.2,0.0,0.6,0.6636029437230881,7.963264595716873,0.6,9.22686753943996,False,10.0,0.0,0.0,0.0,0.0,0.0,2
22.87945556640625,24.0,18.0,-0.0,0.0,0.4302681787531856,0.3302904134994792,0.7999634242284331,0.0,0.0,0.4,0.2,0.0,0.6,0.6242140389015564,7.49060212977418,0.6,8.714816168675735,False,10.0,0.0,0.0,0.0,0.0,0.0,3
22.978269577026367,24.0,18.0,-0.0,0.0,0.4581470516770742,0.35817494295519514,0.799955596344921,0.0,0.0,0.4,0.2,0.0,0.6,0.587164776558518,7.046009555223482,0.6,8.233174331782,False,10.0,0.0,0.0,0.0,0.0,0.0,4
23.075292587280273,24.0,18.0,-0.0,0.0,0.4843699609319858,0.384403500613409,0.7999482333340312,0.0,0.0,0.4,0.2,0.0,0.6,0.5523161854036572,6.627819892222864,0.6,7.780136077626521,False,10.0,0.0,0.0,0.0,0.0,0.0,5
23.170543670654297,24.0,18.0,-0.0,0.0,0.5090352683017866,0.40907442927020327,0.7999413075884858,0.0,0.0,0.4,0.2,0.0,0.6,0.5195375488350178,6.234465157458554,0.6,7.354002706293572,False,10.0,0.0,0.0,0.0,0.0,0.0,6
23.264057159423828,24.0,18.0,-0.0,0.0,0.5322354930263868,0.4322802314618471,0.7999347931405139,0.0,0.0,0.4,0.2,0.0,0.6,0.4887059146227668,5.864470485062094,0.6,6.95317639968486,False,10.0,0.0,0.0,0.0,0.0,0.0,7
23.355865478515625,24.0,18.0,-0.0,0.0,0.5540576588401794,0.45410791629889097,0.7999286655644859,0.0,0.0,0.4,0.2,0.0,0.6,0.45970563371701645,5.516448596667156,0.6,6.576154230384172,False,10.0,0.0,0.0,0.0,0.0,0.0,8
23.44600486755371,24.0,18.0,-0.0,0.0,0.5745836203969101,0.47463932570290973,0.7999229018853314,0.0,0.0,0.4,0.2,0.0,0.6,0.43242792644977573,5.189094599871777,0.6,6.221522526321553,False,10.0,0.0,0.0,0.0,0.0,0.0,9
23.534507751464844,24.0,18.0,-0.0,0.0,0.5938903703053952,0.49395144126910273,0.7999174804923951,0.0,0.0,0.4,0.2,0.0,0.6,0.4067704745038624,4.881181095603041,0.6,5.887951570106903,False,10.0,0.0,0.0,0.0,0.0,0.0,10
23.62140655517578,24.0,18.0,-0.0,0.0,0.612050327927773,0.5121166729053191,0.799912381058408,0.0,0.0,0.4,0.2,0.0,0.6,0.3826370371182561,4.591553576039509,0.6,5.574190613157764,False,10.0,0.0,0.0,0.0,0.0,0.0,11
23.70673942565918,24.0,18.0,-0.0,0.0,0.6291316110235687,0.5292031303297478,0.7999075844632721,0.0,0.0,0.4,0.2,0.0,0.6,0.35993709009028374,4.3191260958361335,0.6,5.279063185926417,False,10.0,0.0,0.0,0.0,0.0,0.0,12
23.7905330657959,24.0,18.0,-0.0,0.0,0.6451982912585038,0.5452748784452381,0.79990307272237,0.0,0.0,0.4,0.2,0.0,0.6,0.3385854862205391,4.062877200421063,0.6,5.001462686641602,False,10.0,0.0,0.0,0.0,0.0,0.0,13
23.872821807861328,24.0,18.0,-0.0,0.0,0.6603106345364622,0.5603921775477705,0.7998988289191321,0.0,0.0,0.4,0.2,0.0,0.6,0.31850213592687027,3.8218460960977287,0.6,4.740348232024599,False,10.0,0.0,0.0,0.0,0.0,0.0,14
23.953636169433594,24.0,18.0,-0.0,0.0,0.6745253270560945,0.5746117092697215,0.7998948371416092,0.0,0.0,0.4,0.2,0.0,0.6,0.2996117068294223,3.595129047592123,0.6,4.494740754421545,False,10.0,0.0,0.0,0.0,0.0,0.0,15
24.033004760742188,24.0,18.0,-0.0,0.0,0.6878956879399948,0.5879867891050938,0.7998910824228114,0.0,0.0,0.4,0.2,0.0,0.6,0.28184334117988197,3.381875989538086,0.6,4.263719330717968,False,10.0,0.0,0.0,0.0,0.0,0.0,16
24.110958099365234,24.0,18.0,-0.0,0.0,0.7004718692340208,0.6005675663135601,0.7998875506845894,0.0,0.0,0.4,0.2,0.0,0.6,0.26513039007500655,3.18128733919548,0.6,4.046417729270487,False,10.0,0.0,0.0,0.0,0.0,0.0,17
24.187522888183594,24.0,18.0,-0.0,0.0,0.7123010440269508,0.6124012119528541,0.7998842286848499,0.0,0.0,0.4,0.2,0.0,0.6,0.249410163457474,2.992610998450705,0.6,3.842021161908179,False,10.0,0.0,0.0,0.0,0.0,0.0,18
24.262727737426758,24.0,18.0,-0.0,0.0,0.7234275833961121,0.6235320957445286,0.7998811039679043,0.0,0.0,0.4,0.2,0.0,0.6,0.2346236949663115,2.81513953385869,0.3879377793023999,3.4377010081274015,False,10.0,0.21206222069760003,0.21206222069760003,0.0,0.0,0.0,19
24.356409072875977,24.0,18.0,-0.0,0.0,0.7338932228427022,0.6340019524362277,0.7998781648177673,0.0,0.0,0.4,0.2,0.0,0.6,0.22071552075485987,2.6482075241530283,0.2828624782416,3.151785523149488,False,10.0,0.3171375217584,0.3171375217584,0.0,0.0,0.0,20
24.46747589111328,24.0,18.0,-0.0,0.0,0.7437372188410983,0.6438500382842454,0.7998754002142276,0.0,0.0,0.4,0.2,0.0,0.6,0.20763347144662228,2.4911890652789124,0.17842438337279998,2.8772469200983344,False,10.0,0.4215756166272,0.4215756166272,0.0,0.0,0.0,21
24.58809471130371,24.0,18.0,-0.0,0.0,0.7596264646165231,0.6531132782430901,0.7998727997915288,0.0,0.0,0.4,0.2,0.0,0.6,0.1953284764486271,2.343495423594044,0.0,2.5388239000426713,False,10.0,0.7395817743265001,0.6,0.1395817743265001,0.0,0.0,22
24.432437896728516,24.0,18.0,-4250.747822113037,1052.2541207847005,0.7762764145477623,0.6631331717162712,0.7998779062174746,0.0,0.0,0.4,0.2,1.0522541207847005,1.6522541207847006,0.1754669192293462,2.204572828438362,0.0,2.380039747667708,False,10.0,1.1068737349039999,0.6,0.1754669192293462,0.3314068156746537,0.0,23
24.190372467041016,24.0,18.0,-5886.585628967285,1028.340688739656,0.7909488161054574,0.671530189626735,0.7998824061990888,0.6,0.0,0.4,0.2,1.0283406887396558,2.2283406887396557,0.15465448181529715,2.0542233620811876,0.0,2.208877843896485,False,10.0,1.4263455367139999,1.2,0.15465448181529715,0.07169105489870278,0.0,24
24.392980575561523,24.0,18.0,-0.0,399.57199999999995,0.7974037945559421,0.67914959514159,0.7998793897136638,0.6,2.0,0.4,0.2,0.3995719999999999,3.599572,0.13631397986817825,1.9282230936080875,1.46173131904,3.5262683925162657,False,10.0,1.73826868096,1.73826868096,0.0,0.0,0.0,25
24.3156681060791,24.0,18.0,-4184.8616807556145,1074.840505194402,0.8034753568680767,0.686316508866459,0.7998765523675281,0.6,2.0,0.4,0.2,1.074840505194402,4.274840505194402,0.12824525680507237,1.813962175739513,1.2781318380929063,3.2203392706374916,False,10.0,1.9218681619070939,1.9218681619070939,0.0,0.0,0.0,26
24.123422622680664,24.0,18.0,-5847.15480606079,1060.6092088292949,0.8149172847985365,0.6961473886509565,0.799881213133737,0.6,0.0,0.4,0.2,1.0606092088292949,2.260609208829295,0.12065580391490416,1.7064868433278353,0.0,1.8271426472427394,False,10.0,2.102426983290375,1.2,0.12065580391490416,0.7817711793754707,0.0,27
24.34181785583496,24.0,18.0,-0.0,399.57199999999995,0.819948571786848,0.7023048585293378,0.799878267500595,0.6,2.0,0.4,0.2,0.3995719999999999,3.599572,0.10635339400182936,1.5589770388982842,0.9185841103351566,2.58391454323527,False,10.0,2.2814158896648435,2.2814158896648435,0.0,0.0,0.0,28
24.263538360595703,24.0,18.0,-4167.585053558349,1104.7364700578619,0.8294339425201877,0.71267374912391,0.799882724575859,0.6,0.0,0.4,0.2,1.104736470057862,2.304736470057862,0.10006428526644004,1.4666444470539848,0.0,1.5667087323204247,False,10.0,2.4576142678534993,1.2,0.10006428526644004,1.1575499825870594,0.0,29
24.066011428833008,24.0,18.0,-5829.551633605956,1086.30795121134,0.833602961587997,0.717849772035362,0.7998796891830698,0.6,2.0,0.4,0.2,1.08630795121134,4.28630795121134,0.08820757184976546,1.3110665173827611,0.643560875647907,2.0428349648804334,False,10.0,2.556439124352093,2.556439124352093,0.0,0.0,0.0,30
24.281312942504883,24.0,18.0,-0.0,399.57199999999995,0.8375243471115661,0.7227184077277397,0.7998768340524172,0.6,2.0,0.4,0.2,0.3995719999999999,3.599572,0.08299629801500383,1.233456527638872,0.5457720177856245,1.8622248434395003,False,10.0,2.6542279822143757,2.6542279822143757,0.0,0.0,0.0,31
24.202775955200195,24.0,18.0,-4147.153754425049,1126.6617965524833,0.8412128081558418,0.7272979109313767,0.7998741484787171,0.6,2.0,0.4,0.2,1.1266617965524834,4.326661796552484,0.07809456611054241,1.1604555435597348,0.45052891336215595,1.689079023032433,False,10.0,2.7494710866378442,2.7494710866378442,0.0,0.0,0.0,32
24.005657196044922,24.0,18.0,-5809.033384552001,1111.4001496045307,0.8446821800891469,0.731605452287358,0.7998716223925318,0.6,2.0,0.4,0.2,1.1114001496045307,4.31140014960453,0.07348398980519782,1.0917898512421793,0.35644174952999963,1.5217155905773767,False,10.0,2.8435582504700005,2.8435582504700005,0.0,0.0,0.0,33
24.221261978149414,24.0,18.0,-0.0,399.57199999999995,0.8479454764794625,0.7356571827280641,0.7998692463224151,0.6,2.0,0.4,0.2,0.3995719999999999,3.599572,0.06914727488856645,1.0272019917643134,0.3043102014985002,1.40065946815138,False,10.0,2.8956897985015,2.8956897985015,0.0,0.0,0.0,34
24.14901351928711,24.0,18.0,-4126.875744781493,1158.5556445469304,0.851014937908149,0.7394682940343665,0.799867011359399,0.6,2.0,0.4,0.2,1.1585556445469303,4.3585556445469305,0.0650681544006719,0.9664497958548884,0.2526642437120006,1.2841821939675608,False,10.0,2.9473357562879996,2.9473357562879996,0.0,0.0,0.0,35
23.961143493652344,24.0,18.0,-5790.87888519287,1143.0686661966126,0.8539020778842034,0.7430530757965251,0.7998649091235901,0.6,2.0,0.4,0.2,1.1430686661966127,4.343068666196613,0.06123132761481381,0.9093054758905134,0.19982934674050012,1.1703661502458274,False,10.0,3.0001706532595,3.0001706532595,0.0,0.0,0.0,36
24.186283111572266,26.0,16.0,-0.0,0.0,0.8593547217303007,0.7498061503516498,0.7998709526532742,0.0,0.0,0.0,0.0,0.0,0.0,0.05762240264474583,0.8555547718162232,0.0,0.913177174460969,False,10.0,3.052589829085999,0.0,0.05762240264474583,0.8555547718162232,2.1394126546250303,37
24.41386604309082,26.0,16.0,-0.0,0.0,0.8641597439911144,0.7557572229140165,0.7998762784472351,0.0,0.0,0.0,0.0,0.0,0.0,0.05080659783712416,0.7541982181925122,0.0,0.8050048160296364,False,10.0,3.081390010388594,0.0,0.05080659783712416,0.7541982181925122,2.276385194358957,38
24.641098022460938,26.0,16.0,-0.0,0.0,0.8683940639978097,0.7610015400548183,0.7998809717444962,0.0,0.0,0.0,0.0,0.0,0.0,0.04480032001110704,0.6648788718174031,0.0,0.7096791918285101,False,10.0,3.110011370463375,0.0,0.04480032001110704,0.6648788718174031,2.4003321786348653,39
24.86655044555664,26.0,16.0,-0.0,0.0,0.8721254652163474,0.7656230367657191,0.799885107661008,0.0,0.0,0.0,0.0,0.0,0.0,0.03950742000273788,0.5861671817327635,0.0,0.6256746017355014,False,10.0,3.138099789421843,0.0,0.03950742000273788,0.5861671817327635,2.5124251876863415,40
25.09047508239746,26.0,16.0,-0.0,0.0,0.8754136803327505,0.7696956798335256,0.7998887523918743,0.0,0.0,0.0,0.0,0.0,0.0,0.03484316847956581,0.5168033719041354,0.0,0.5516465403837012,False,10.0,3.1660012357575,0.0,0.03484316847956581,0.5168033719041354,2.614354695373798,41
25.312929153442383,26.0,16.0,-0.0,0.0,0.8783113474605915,0.7732846516743213,0.7998919642708012,0.0,0.0,0.0,0.0,0.0,0.0,0.030732899584061946,0.45567727857837415,0.0,0.4864101781624361,False,10.0,3.175433586091594,0.0,0.030732899584061946,0.45567727857837415,2.6890234079291577,42
25.533727645874023,26.0,16.0,-0.0,0.0,0.8808648527777725,0.7764473935742545,0.7998947947037247,0.0,0.0,0.0,0.0,0.0,0.0,0.027110815674260685,0.40181058217717003,0.0,0.4289213978514307,False,10.0,3.1848076393953746,0.0,0.027110815674260685,0.40181058217717003,2.7558862415439442,43
25.752634048461914,26.0,16.0,-0.0,0.0,0.8831150730816243,0.7792345250339919,0.7998972889915595,0.0,0.0,0.0,0.0,0.0,0.0,0.023918934027784416,0.35434114934893624,0.0,0.3782600833767207,False,10.0,3.192669652594843,0.0,0.023918934027784416,0.35434114934893624,2.8144095692181224,44
25.969879150390625,26.0,16.0,-0.0,0.0,0.8850980301492276,0.7816906539308907,0.7998994870552378,0.0,0.0,0.0,0.0,0.0,0.0,0.021106158647969664,0.31250923457452673,0.0,0.3336153932224964,False,10.0,3.200459394944,0.0,0.021106158647969664,0.31250923457452673,2.8668440017215038,45
26.18558120727539,26.0,16.0,-0.0,0.0,0.88684546737803,0.7838550904654877,0.7999014240746413,0.0,0.0,0.0,0.0,0.0,0.0,0.018627462313465515,0.27564532048426293,0.0,0.29427278279772845,False,10.0,3.1946164750080004,0.0,0.018627462313465515,0.27564532048426293,2.9003436922102717,46
26.399614334106445,26.0,16.0,-0.0,0.0,0.8883853579376858,0.7857624763189802,0.799903131051653,0.0,0.0,0.0,0.0,0.0,0.0,0.016443165777462465,0.24315940227127242,0.0,0.2596025680487349,False,10.0,3.1887735550719998,0.0,0.016443165777462465,0.24315940227127242,2.929170987023265,47
26.610504150390625,26.0,16.0,-0.0,0.0,0.8897423525676684,0.7874433390913231,0.7999046353063413,0.0,0.0,0.0,0.0,0.0,0.0,0.014518302577892772,0.21453154469876778,0.0,0.22904984727666056,False,10.0,3.1905994675519995,0.0,0.014518302577892772,0.21453154469876778,2.9615496202753393,48
26.469690322875977,26.0,16.0,-4933.675041503906,1269.5427505893322,0.8909381741890527,0.7889245808936963,0.799905960914215,0.0,0.0,0.0,0.0,1.2695427505893322,1.2695427505893322,0.012822059290414495,0.18930356056674147,0.0,0.20212561985715596,False,10.0,3.1924253800319997,0.0,0.012822059290414495,0.18930356056674147,2.9902997601748433,49
26.211748123168945,26.0,16.0,-6574.525028228759,1239.3136048544654,0.8919919656474525,0.7902299089152335,0.7999071290915513,0.0,0.0,0.0,0.0,1.2393136048544655,1.2393136048544655,0.011327282263684096,0.1670716774524067,0.0,0.1783989597160908,False,10.0,3.180676272234344,0.0,0.011327282263684096,0.1670716774524067,3.0022773125182534,50
25.961441040039062,26.0,16.0,-6487.4231062316885,1236.2026399806098,0.8929205961538242,0.791380214855209,0.7999081585349607,0.0,0.0,0.0,0.0,1.2362026399806099,1.2362026399806099,0.01001004294068436,0.14748007535598628,0.0,0.15749011829667064,False,10.0,3.168893321591375,0.0,0.01001004294068436,0.14748007535598628,3.0114032032947047,51
25.80475616455078,26.0,16.0,-5200.149407194476,951.7874172040938,0.8937389313286735,0.7923939092934736,0.7999090657206253,0.0,0.0,0.0,0.0,0.9517874172040938,0.9517874172040938,0.008849254807719725,0.13021519182225882,0.0,0.13906444662997855,False,10.0,3.155276816535594,0.0,0.008849254807719725,0.13021519182225882,3.0162123699056154,52
25.569324493408203,26.0,16.0,-6349.990061645507,1241.8518584143096,0.8944600711725628,0.7932872163507166,0.799909865167999,0.0,0.0,0.0,0.0,1.2418518584143097,1.2418518584143097,0.007826335839158094,0.11500070339164392,0.0,0.12282703923080202,False,10.0,3.1416439359095003,0.0,0.007826335839158094,0.11500070339164392,3.018816896678698,53
25.518753051757812,26.0,16.0,-3767.887361124236,807.9936576156775,0.8950955597723779,0.7940744333545765,0.7999105696721907,0.0,0.0,0.0,0.0,0.8079936576156775,0.8079936576156775,0.006924911034296571,0.1015931030592615,0.0,0.10851801409355807,False,10.0,3.1106821138233745,0.0,0.006924911034296571,0.1015931030592615,3.0021640997298165,54
25.2940616607666,26.0,16.0,-6253.412530517578,1246.4614837868544,0.8956555701003567,0.7947681596675407,0.799911190508749,0.0,0.0,0.0,0.0,1.2464614837868544,1.2464614837868544,0.006130550284527692,0.08977780295944704,0.0,0.09590835324397473,False,10.0,3.079636157696,0.0,0.006130550284527692,0.08977780295944704,2.983727804452025,55
25.511445999145508,26.0,16.0,-0.0,0.0,0.8961490668641605,0.7953794983390114,0.7999117376141271,0.0,0.0,0.0,0.0,0.0,0.0,0.0054305373745541785,0.07936569989940079,0.0,0.08479623727395497,False,10.0,3.0523155637563755,0.0,0.0054305373745541785,0.07936569989940079,2.9675193264824204,56
25.72706413269043,26.0,16.0,-0.0,0.0,0.8965839500149121,0.7959182338089675,0.7999122197447148,0.0,0.0,0.0,0.0,0.0,0.0,0.004813666419799384,0.07019014877355789,0.0,0.07500381519335728,False,10.0,3.0248237322975,0.0,0.004813666419799384,0.07019014877355789,2.9498199171041426,57
25.938434600830078,26.0,16.0,-0.0,0.0,0.8969671812104925,0.7963929885073584,0.7999126446169844,0.0,0.0,0.0,0.0,0.0,0.0,0.004270062481359915,0.06210429541833984,0.0,0.06637435789969975,False,10.0,2.9739974191123433,0.0,0.004270062481359915,0.06210429541833984,2.9076230612126435,58
26.144428253173828,26.0,16.0,-0.0,0.0,0.8973048952585354,0.7968113608555956,0.7999130190309918,0.0,0.0,0.0,0.0,0.0,0.0,0.003791023486884454,0.05497872621978095,0.0,0.0587697497066654,False,10.0,2.9227666075063747,0.0,0.003791023486884454,0.05497872621978095,2.8639968577997093,59
26.34471893310547,26.0,16.0,-0.0,0.0,0.8976024983231107,0.7971800468788467,0.7999133489792112,0.0,0.0,0.0,0.0,0.0,0.0,0.0033688809268307696,0.04869939685614999,0.0,0.05206827778298076,False,10.0,2.8695225614520936,0.0,0.0033688809268307696,0.04869939685614999,2.8174542836691128,60
26.539552688598633,26.0,16.0,-0.0,0.0,0.8978647544672002,0.7975049473755298,0.799913639742445,0.0,0.0,0.0,0.0,0.0,0.0,0.002996877096111683,0.04316580702518891,0.0,0.04616268412130059,False,10.0,2.8159427215920005,0.0,0.002996877096111683,0.04316580702518891,2.7697800374707,61
26.38231658935547,26.0,16.0,-4909.716151885986,1222.3521944761148,0.8980958619163482,0.7977912623592498,0.7999138959743418,0.0,0.0,0.0,0.0,1.2223521944761149,1.2223521944761149,0.0026690569159998345,0.03828939194260417,0.0,0.040958448858604,False,10.0,2.7221472030280944,0.0,0.0026690569159998345,0.03828939194260417,2.6811887541694905,62
26.107011795043945,26.0,16.0,-6545.020665893554,1191.7939827492016,0.8982995202643239,0.7980435742847144,0.7999141217758784,0.0,0.0,0.0,0.0,1.1917939827492017,1.1917939827492017,0.0023801726045648286,0.03399210486783599,0.0,0.03637227747240082,False,10.0,2.6274681169143745,0.0,0.0023801726045648286,0.03399210486783599,2.5910958394419734,63
25.838991165161133,26.0,16.0,-6452.055742950439,1188.021248409924,0.8984789896966295,0.7982659213896566,0.7999143207609951,0.0,0.0,0.0,0.0,1.188021248409924,1.188021248409924,0.002125599669595135,0.030205167970501212,0.0,0.03233076764009635,False,10.0,2.5333034274933435,0.0,0.002125599669595135,0.030205167970501212,2.500972659853247,64
25.689802169799805,26.0,16.0,-4820.709031727081,882.4586428141633,0.898637143179913,0.7984618623265946,0.7999144961144373,0.0,0.0,0.0,0.0,0.8824586428141633,0.8824586428141633,0.0019012628792131059,0.026867971545201375,0.0,0.02876923442441448,False,10.0,2.438137557537499,0.0,0.0019012628792131059,0.026867971545201375,2.4093683231130845,65
25.437423706054688,26.0,16.0,-6311.172396697997,1183.4520647183185,0.8987765124527376,0.7986345331188592,0.7999146506427266,0.0,0.0,0.0,0.0,1.1834520647183184,1.1834520647183184,0.0017035710251088465,0.023927103956709606,0.0,0.025630674981818452,False,10.0,2.269872007792375,0.0,0.0017035710251088465,0.023927103956709606,2.2442413328105566,66
25.632761001586914,26.0,16.0,-0.0,0.0,0.8988993285539351,0.7987866973524658,0.7999147868190793,0.0,0.0,0.0,0.0,0.0,0.0,0.0015293594340780314,0.021335496789846586,0.0,0.022864856223924618,False,10.0,2.098957196448,0.0,0.0015293594340780314,0.021335496789846586,2.076092340224075,67
25.826932907104492,26.0,16.0,-0.0,0.0,0.8988768560707212,0.7549176116415559,0.7341161365684546,0.0,0.0,0.0,0.0,0.0,0.0,0.0,0.0,0.0,0.0,True,15.0,1.9253931235043749,0.0,0.0,0.0,1.9253931235043749,68
26.01851463317871,26.0,16.0,-0.0,0.0,0.8988543841493194,0.7110490742942174,0.6683183088009581,0.0,0.0,0.0,0.0,0.0,0.0,0.0,0.0,0.0,0.0,True,15.0,1.7491797889615,0.0,0.0,0.0,1.7491797889615,69
26.2076358795166,26.0,16.0,-0.0,0.0,0.8988319127897156,0.6671810853035957,0.6025213035063086,0.0,0.0,0.0,0.0,0.0,0.0,0.0,0.0,0.0,0.0,True,15.0,1.4410980696675935,0.0,0.0,0.0,1.4410980696675935,70
26.390928268432617,26.0,16.0,-0.0,0.0,0.8988094419918958,0.6233136446628363,0.5367251206742254,0.0,0.0,0.0,0.0,0.0,0.0,0.0,0.0,0.0,0.0,True,15.0,1.1258355972893748,0.0,0.0,0.0,1.1258355972893748,71
26.556020736694336,26.0,16.0,-0.0,0.0,0.898786971755846,0.579446752365085,0.4709297602944275,0.0,0.0,0.0,0.0,0.0,0.0,0.0,0.0,0.0,0.0,True,15.0,0.7632227532355015,0.0,0.0,0.0,0.7632227532355015,72
26.35359001159668,26.0,16.0,-4915.2770823669425,1148.5885021023707,0.898764502081552,0.5355804084034874,0.40513522235663435,0.0,0.0,0.0,0.0,1.1485885021023707,1.1485885021023707,0.0,0.0,0.0,0.0,True,15.0,0.45007997361599994,0.0,0.0,0.0,0.45007997361599994,73
26.011913299560547,26.0,16.0,-6535.320275115966,1115.2326053199324,0.8987420329689999,0.4917146127711894,0.33934150685056547,0.0,0.0,0.0,0.0,1.1152326053199324,1.1152326053199324,0.0,0.0,0.0,0.0,True,15.0,0.33906139730189994,0.0,0.0,0.0,0.33906139730189994,74
25.669456481933594,26.0,16.0,-6419.942882995604,1108.1584302516492,0.8987195644181757,0.44784936546133675,0.2735486137659403,0.0,0.0,0.0,0.0,1.1081584302516492,1.1081584302516492,0.0,0.0,0.0,0.0,True,15.0,0.2270418762612,0.0,0.0,0.0,0.2270418762612,75
25.459741592407227,26.0,16.0,-4466.120065863655,804.8069304261091,0.8986970964290651,0.4039846664670755,0.20775654309247876,0.0,0.0,0.0,0.0,0.8048069304261092,0.8048069304261092,0.0,0.0,0.0,0.0,True,15.0,0.0,0.0,0.0,0.0,0.0,76
25.544349670410156,26.0,16.0,-0.0,0.0,0.8986746290016544,0.36012051578155163,0.19999750000000002,0.0,0.0,0.0,0.0,0.0,0.0,0.0,0.0,0.0,0.0,True,15.0,0.0,0.0,0.0,0.0,0.0,77
25.29561424255371,24.0,18.0,-4573.655996704101,1118.688791425538,0.8461090922585656,0.3495819014938475,0.19999750000000002,1.8,2.0,0.4,0.2,1.1186887914255381,5.5186887914255385,0.0,0.0,0.9998489770246581,0.9998489770246581,True,15.0,0.0,0.0,0.0,0.0,0.0,78
24.93415069580078,24.0,18.0,-6178.063017425537,1814.352765642129,0.7970030421936761,0.3397367401595473,0.19999750000000002,1.8,2.0,0.4,0.2,1.814352765642129,6.214352765642129,0.0,0.0,1.2236351122690814,1.2236351122690814,True,15.0,0.0,0.0,0.0,0.0,0.0,79
24.58600425720215,24.0,18.0,-6056.004006958007,1245.7443500517725,0.7511288002019882,0.3330275500821794,0.19999750000000002,1.8,0.0,0.4,0.2,1.2457443500517724,3.645744350051772,0.0,0.0,0.0,0.0,True,15.0,0.0,0.0,0.0,0.0,0.0,80
24.46778678894043,24.0,18.0,-2883.5778749894193,668.6309326399289,0.7082736718515895,0.32427168413005314,0.19999750000000002,1.8,2.0,0.4,0.2,0.6686309326399289,5.0686309326399295,0.0,0.0,1.5906757485148246,1.5906757485148246,True,15.0,0.0,0.0,0.0,0.0,0.0,81
24.14049530029297,24.0,18.0,-5898.522242889403,1100.5570827630079,0.6682389607328331,0.31707623856531014,0.19999750000000002,1.8,0.0,0.4,0.2,1.1005570827630078,3.5005570827630077,0.0,0.0,0.0,0.0,True,15.0,0.0,0.0,0.0,0.0,0.0,82
24.234220504760742,24.0,18.0,-0.0,399.57199999999995,0.6308390472088927,0.3093699872759907,0.19999750000000002,1.8,2.0,0.4,0.2,0.3995719999999999,4.799572,0.0,0.0,1.9335577206043069,1.9335577206043069,True,15.0,0.0,0.0,0.0,0.0,0.0,83
24.037551879882812,24.0,18.0,-4131.251580047607,1110.715968258758,0.6468043082688951,0.3238673872937136,0.23561970315439457,1.8,0.0,0.4,0.2,1.110715968258758,3.510715968258758,0.3364511909888841,9.663548809011116,0.0,10.0,False,10.0,0.0,0.0,0.0,0.0,0.0,84
23.72821617126465,24.0,18.0,-5753.240518798827,1084.9372770695277,0.6618212565203678,0.33985362780374684,0.26912641915731145,1.8,0.0,0.4,0.2,1.0849372770695276,3.4849372770695277,0.3164946146638811,9.683505385336119,0.0,10.0,False,10.0,0.0,0.0,0.0,0.0,0.0,85
23.829364776611328,24.0,18.0,-0.0,399.57199999999995,0.6759462203364855,0.35724026109513196,0.3006432799318708,1.8,0.0,0.4,0.2,0.3995719999999999,2.799572,0.2977234293495402,9.70227657065046,0.0,10.0,False,10.0,0.0,0.0,0.0,0.0,0.0,86
23.649574279785156,24.0,18.0,-3994.5398977661125,1110.715968258758,0.6892321822686691,0.3759440921352481,0.33028845652860117,1.8,0.0,0.4,0.2,1.110715968258758,3.510715968258758,0.2800672245793931,9.719932775420608,0.0,10.0,False,10.0,0.0,0.0,0.0,0.0,0.0,87
23.35553550720215,24.0,18.0,-5622.228242797851,1084.9372770695277,0.7017289777834307,0.39588686662699785,0.35817310220247267,1.8,0.0,0.4,0.2,1.0849372770695276,3.4849372770695277,0.2634597721641636,9.736540227835837,0.0,10.0,False,10.0,0.0,0.0,0.0,0.0,0.0,88
23.461328506469727,24.0,18.0,-0.0,0.0,0.7134834821945463,0.4169949775914605,0.3844017691770227,1.8,0.0,0.4,0.2,0.0,2.4,0.24783877777071167,9.752161222229288,0.0,10.0,False,10.0,0.0,0.0,0.0,0.0,0.0,89
23.56692123413086,24.0,18.0,-0.0,0.0,0.724539786491734,0.43919918937583313,0.40907280065821033,1.8,0.0,0.4,0.2,0.0,2.4,0.2331456472568172,9.766854352743183,0.0,10.0,False,10.0,0.0,0.0,0.0,0.0,0.0,90
23.670188903808594,24.0,18.0,-0.0,0.0,0.7349393627253705,0.46061597973492424,0.43227869956784015,1.8,0.0,0.4,0.2,0.0,2.4,0.21932526688533252,9.3212841527804,0.45939058033426594,10.0,False,10.0,0.0,0.0,0.0,0.0,0.0,91
23.77155303955078,24.0,18.0,-0.0,0.0,0.7447212195676001,0.4807608963518389,0.45410647537910237,1.8,0.0,0.4,0.2,0.0,2.4,0.20632579659328687,8.767973308297737,1.0257008951089768,10.0,False,10.0,0.0,0.0,0.0,0.0,0.0,92
23.87102699279785,24.0,18.0,-0.0,0.0,0.7539220486333449,0.49970947168447183,0.47463797035467564,1.8,0.0,0.4,0.2,0.0,2.4,0.19409847554049994,8.247521800931395,1.5583797235281054,10.0,False,10.0,0.0,0.0,0.0,0.0,0.0,93
23.96878433227539,24.0,18.0,-0.0,0.0,0.7625763621100651,0.5175327525629339,0.49395016641060596,1.8,0.0,0.4,0.2,0.0,2.4,0.18259743920831892,7.757978221186167,2.0594243396055143,10.0,False,10.0,0.0,0.0,0.0,0.0,0.0,94
24.064794540405273,24.0,18.0,-0.0,0.0,0.7707166222125147,0.5342975665764425,0.5121154737565352,1.8,0.0,0.4,0.2,0.0,2.4,0.17177954736241868,7.297507047449934,2.4,9.869286594812353,False,10.0,0.0,0.0,0.0,0.0,0.0,95
